subject,block,condition,target_distance,type,percived_distance,rel_bias,abs_bias,perc_dist_sd,perc_dist_sem,perc_dist_var,perc_dist_n,perc_dist,rel_bias_signed_sd,rel_bias_signed_sem,rel_bias_signed_var,rel_bias_signed_n,rel_bias_signed,abs_bias_sd,abs_bias_sem,abs_bias_var,abs_bias_n
S001,3,Ear level,2,NORMAL,0.517,-0.7415,-1.483,0.6922210629560472,0.3095706704453766,0.47917,5,0.517,0.3461105314780236,0.1547853352226883,0.1197925,5,-0.7415,0.6922210629560472,0.3095706704453766,0.47917,5
S002,3,Ear level,2,NORMAL,1.46,-0.27,-0.54,0.20736441353327723,0.09273618495495704,0.043000000000000003,5,1.46,0.10368220676663861,0.04636809247747852,0.010750000000000001,5,-0.27,0.20736441353327723,0.09273618495495704,0.043000000000000003,5
S003,3,Ear level,2,NORMAL,8.02,3.01,6.02,7.35540617505247,3.2894376419078077,54.102,5,8.02,3.677703087526235,1.6447188209539039,13.5255,5,3.01,7.35540617505247,3.2894376419078077,54.102,5
S004,3,Ear level,2,NORMAL,2.7,0.35,0.7,0.6708203932499369,0.3,0.45,5,2.7,0.33541019662496846,0.15,0.1125,5,0.35,0.6708203932499369,0.3,0.45,5
S005,3,Ear level,2,NORMAL,1.8,-0.1,-0.2,0.27386127875258304,0.12247448713915889,0.075,5,1.8,0.13693063937629152,0.06123724356957944,0.01875,5,-0.1,0.27386127875258304,0.12247448713915889,0.075,5
S006,3,Ear level,2,NORMAL,1.4,-0.3,-0.6,0.5477225575051661,0.24494897427831777,0.3,5,1.4,0.27386127875258304,0.12247448713915889,0.075,5,-0.3,0.5477225575051661,0.24494897427831777,0.3,5
S007,3,Ear level,2,NORMAL,1.3,-0.35,-0.7,0.27386127875258304,0.12247448713915889,0.075,5,1.3,0.13693063937629152,0.06123724356957944,0.01875,5,-0.35,0.27386127875258304,0.12247448713915889,0.075,5
S008,3,Ear level,2,NORMAL,1.8,-0.1,-0.2,0.8366600265340756,0.3741657386773941,0.7,5,1.8,0.4183300132670378,0.18708286933869706,0.175,5,-0.1,0.8366600265340756,0.3741657386773941,0.7,5
S009,3,Ear level,2,NORMAL,0.6599999999999999,-0.67,-1.34,0.08944271909999157,0.039999999999999994,0.007999999999999997,5,0.6599999999999999,0.04472135954999579,0.019999999999999997,0.001999999999999999,5,-0.67,0.08944271909999157,0.039999999999999994,0.007999999999999997,5
S010,3,Ear level,2,NORMAL,4.8,1.4,2.8,1.4404860290887933,0.6442049363362562,2.075,5,4.8,0.7202430145443967,0.3221024681681281,0.51875,5,1.4,1.4404860290887933,0.6442049363362562,2.075,5
S011,3,Ear level,2,NORMAL,1.8,-0.1,-0.2,0.8366600265340756,0.3741657386773941,0.7,5,1.8,0.4183300132670378,0.18708286933869706,0.175,5,-0.1,0.8366600265340756,0.3741657386773941,0.7,5
S012,3,Ear level,2,NORMAL,4.8,1.4,2.8,2.4899799195977463,1.1135528725660042,6.2,5,4.8,1.2449899597988732,0.5567764362830021,1.55,5,1.4,2.4899799195977463,1.1135528725660042,6.2,5
S013,3,Ear level,2,NORMAL,0.563,-0.7635,-1.527,0.3482033250208211,0.11011155959096917,0.12124555555555555,10,0.563,0.20606161430234618,0.06516240395265423,0.04246138888888888,10,-0.7635,0.41212322860469236,0.13032480790530845,0.16984555555555553,10
S015,3,Ear level,2,NORMAL,1.514,-0.243,-0.486,0.584393322647988,0.18480139489613043,0.3415155555555555,10,1.514,0.292196661323994,0.09240069744806521,0.08537888888888888,10,-0.243,0.584393322647988,0.18480139489613043,0.3415155555555555,10
S017,3,Ear level,2,NORMAL,3.2,0.6,1.2,0.44721359549995793,0.19999999999999998,0.2,5,3.2,0.22360679774997896,0.09999999999999999,0.05,5,0.6,0.44721359549995793,0.19999999999999998,0.2,5
S018,3,Ear level,2,NORMAL,4.4,1.2,2.4,1.140175425099138,0.5099019513592785,1.3,5,4.4,0.570087712549569,0.25495097567963926,0.325,5,1.2,1.140175425099138,0.5099019513592785,1.3,5
S001,0,Floor level,2,NORMAL,0.19166666666666668,-0.9041666666666667,-1.8083333333333333,0.20595306908775762,0.08407998837086293,0.042416666666666665,6,0.19166666666666668,0.10297653454387883,0.04203999418543147,0.010604166666666668,6,-0.9041666666666667,0.20595306908775765,0.08407998837086295,0.04241666666666667,6
S002,0,Floor level,2,NORMAL,0.7,-0.65,-1.3,0.21602468994692867,0.10801234497346433,0.04666666666666667,4,0.7,0.10801234497346433,0.05400617248673217,0.011666666666666665,4,-0.65,0.21602468994692867,0.10801234497346433,0.04666666666666666,4
S003,0,Floor level,2,NORMAL,1.6,-0.2,-0.4,0.8944271909999159,0.39999999999999997,0.8,5,1.6,0.44721359549995793,0.19999999999999998,0.2,5,-0.2,0.8944271909999159,0.39999999999999997,0.8,5
S004,0,Floor level,2,NORMAL,1.04,-0.48,-0.96,0.3781534080237808,0.16911534525287764,0.14300000000000002,5,1.04,0.18907670401189036,0.0845576726264388,0.03575,5,-0.48,0.3781534080237807,0.1691153452528776,0.143,5
S005,0,Floor level,2,NORMAL,1.1666666666666667,-0.4166666666666667,-0.8333333333333334,0.5163977794943222,0.21081851067789195,0.26666666666666666,6,1.1666666666666667,0.2581988897471611,0.10540925533894598,0.06666666666666667,6,-0.4166666666666667,0.5163977794943222,0.21081851067789195,0.26666666666666666,6
S006,0,Floor level,2,NORMAL,1,-0.5,-1,0,0,0,4,1,0,0,0,4,-0.5,0,0,0,4
S007,0,Floor level,2,NORMAL,1.1,-0.45,-0.9,0.22360679774997896,0.09999999999999999,0.05,5,1.1,0.11180339887498948,0.049999999999999996,0.0125,5,-0.45,0.22360679774997896,0.09999999999999999,0.05,5
S008,0,Floor level,2,NORMAL,1.6,-0.2,-0.4,0.5477225575051661,0.24494897427831777,0.3,5,1.6,0.27386127875258304,0.12247448713915889,0.075,5,-0.2,0.5477225575051661,0.24494897427831777,0.3,5
S009,0,Floor level,2,NORMAL,1.85,-0.07500000000000001,-0.15000000000000002,0.10488088481701514,0.04281744192888376,0.010999999999999998,6,1.85,0.05244044240850757,0.02140872096444188,0.0027499999999999994,6,-0.07500000000000001,0.10488088481701514,0.04281744192888376,0.010999999999999998,6
S010,0,Floor level,2,NORMAL,2,0,0,1.224744871391589,0.6123724356957945,1.5,4,2,0.6123724356957945,0.30618621784789724,0.375,4,0,1.224744871391589,0.6123724356957945,1.5,4
S011,0,Floor level,2,NORMAL,1,-0.5,-1,0,0,0,5,1,0,0,0,5,-0.5,0,0,0,5
S012,0,Floor level,2,NORMAL,1.2,-0.4,-0.8,0.44721359549995793,0.19999999999999998,0.2,5,1.2,0.22360679774997896,0.09999999999999999,0.05,5,-0.4,0.44721359549995793,0.19999999999999998,0.2,5
S013,0,Floor level,2,NORMAL,0.9166666666666666,-0.5416666666666666,-1.0833333333333333,0.5573204290227127,0.16088454986057046,0.3106060606060606,12,0.9166666666666666,0.27866021451135636,0.08044227493028523,0.07765151515151515,12,-0.5416666666666666,0.5573204290227127,0.16088454986057046,0.3106060606060606,12
S015,0,Floor level,2,NORMAL,1.12,-0.44,-0.88,0.38239014399199966,0.12092238098144703,0.14622222222222223,10,1.12,0.19119507199599983,0.060461190490723515,0.03655555555555556,10,-0.44,0.38239014399199966,0.12092238098144703,0.14622222222222225,10
S017,0,Floor level,2,NORMAL,2.3333333333333335,0.16666666666666666,0.3333333333333333,0.5163977794943222,0.21081851067789195,0.26666666666666666,6,2.3333333333333335,0.2581988897471611,0.10540925533894598,0.06666666666666667,6,0.16666666666666666,0.5163977794943222,0.21081851067789195,0.26666666666666666,6
S018,0,Floor level,2,NORMAL,1,-0.5,-1,0,0,0,4,1,0,0,0,4,-0.5,0,0,0,4
S001,3,Ear level,2.9,NORMAL,0.628,-0.783448275862069,-2.272,0.8716478646793095,0.3898127755730948,0.75977,5,0.628,0.30056822919976195,0.134418198473481,0.09034126040428064,5,-0.783448275862069,0.8716478646793097,0.38981277557309485,0.7597700000000001,5
S002,3,Ear level,2.9,NORMAL,0.98,-0.6620689655172414,-1.92,0.21679483388678802,0.09695359714832659,0.047000000000000014,5,0.98,0.07475683927130623,0.03343227487873331,0.005588585017835914,5,-0.6620689655172414,0.2167948338867881,0.09695359714832663,0.04700000000000005,5
S003,3,Ear level,2.9,NORMAL,3.412,0.17655172413793105,0.512,2.489722876145054,1.113437919239326,6.19872,5,3.412,0.858525129705191,0.3839441100825262,0.737065398335315,5,0.17655172413793105,2.489722876145054,1.113437919239326,6.198719999999999,5
S004,3,Ear level,2.9,NORMAL,2.5,-0.1379310344827586,-0.3999999999999999,0.5,0.22360679774997896,0.25,5,2.5,0.17241379310344826,0.07710579232757894,0.029726516052318665,5,-0.1379310344827586,0.5,0.22360679774997896,0.25,5
S005,3,Ear level,2.9,NORMAL,2,-0.31034482758620685,-0.8999999999999999,0.3535533905932738,0.15811388300841897,0.125,5,2,0.12191496227354268,0.05452202862359275,0.014863258026159334,5,-0.31034482758620685,0.3535533905932738,0.15811388300841897,0.125,5
S006,3,Ear level,2.9,NORMAL,1.2,-0.5862068965517241,-1.7,0.44721359549995793,0.19999999999999998,0.2,5,1.2,0.1542115846551579,0.06896551724137931,0.02378121284185494,5,-0.5862068965517241,0.44721359549995793,0.19999999999999998,0.2,5
S007,3,Ear level,2.9,NORMAL,1.3,-0.5517241379310345,-1.5999999999999999,0.27386127875258304,0.12247448713915889,0.075,5,1.3,0.09443492370778726,0.04223258177212376,0.008917954815695602,5,-0.5517241379310345,0.27386127875258304,0.12247448713915889,0.075,5
S008,3,Ear level,2.9,NORMAL,1.8,-0.3793103448275862,-1.0999999999999999,0.8366600265340756,0.3741657386773941,0.7,5,1.8,0.2885034574255433,0.12902266850944624,0.08323424494649227,5,-0.3793103448275862,0.8366600265340756,0.3741657386773941,0.7,5
S009,3,Ear level,2.9,NORMAL,0.9400000000000001,-0.6758620689655171,-1.9599999999999997,0.1341640786499874,0.06,0.018000000000000002,5,0.9400000000000001,0.04626347539654735,0.020689655172413782,0.002140309155766942,5,-0.6758620689655171,0.13416407864998728,0.05999999999999995,0.01799999999999997,5
S010,3,Ear level,2.9,NORMAL,5.12,0.7655172413793103,2.22,1.1519548602267364,0.5151698748956502,1.3269999999999997,5,5.12,0.39722581387128847,0.17764478444677598,0.1577883472057075,5,0.7655172413793103,1.1519548602267364,0.5151698748956502,1.3269999999999997,5
S011,3,Ear level,2.9,NORMAL,1.9,-0.3448275862068965,-0.9999999999999999,0.22360679774997896,0.09999999999999999,0.05,5,1.9,0.07710579232757896,0.034482758620689655,0.005945303210463735,5,-0.3448275862068965,0.22360679774997896,0.09999999999999999,0.05,5
S012,3,Ear level,2.9,NORMAL,7.8,1.6896551724137931,4.8999999999999995,0.44721359549995793,0.19999999999999998,0.2,5,7.8,0.1542115846551579,0.06896551724137931,0.02378121284185494,5,1.6896551724137931,0.44721359549995793,0.19999999999999998,0.2,5
S013,3,Ear level,2.9,NORMAL,0.712,-0.77,-2.233,0.40013331111851547,0.1265332630839285,0.16010666666666667,10,0.712,0.15481056148878874,0.04895539801541199,0.02396630994847404,10,-0.77,0.4489506283174874,0.14197065424469477,0.2015566666666667,10
S015,3,Ear level,2.9,NORMAL,1.544,-0.4675862068965517,-1.3559999999999999,0.3985306345397637,0.12602645224978232,0.15882666666666667,10,1.544,0.13742435673784953,0.043457397327511145,0.018885453824811733,10,-0.4675862068965517,0.3985306345397637,0.12602645224978232,0.15882666666666667,10
S017,3,Ear level,2.9,NORMAL,4.6,0.5862068965517242,1.7000000000000002,1.3416407864998738,0.6,1.8,5,4.6,0.46263475396547377,0.20689655172413793,0.21403091557669446,5,0.5862068965517242,1.3416407864998738,0.6,1.8,5
S018,3,Ear level,2.9,NORMAL,3.8,0.31034482758620696,0.9000000000000001,1.6431676725154984,0.7348469228349535,2.7,5,3.8,0.5666095422467236,0.2533954906327425,0.32104637336504166,5,0.31034482758620696,1.6431676725154984,0.7348469228349535,2.7,5
S001,0,Floor level,2.9,NORMAL,0.16,-0.9448275862068966,-2.7399999999999998,0.022360679774997904,0.010000000000000002,5.000000000000003e-4,5,0.16,0.0077105792327579106,0.003448275862068972,5.9453032104637574e-5,5,-0.9448275862068966,0.022360679774998015,0.010000000000000052,5.000000000000053e-4,5
S002,0,Floor level,2.9,NORMAL,0.95,-0.6724137931034483,-1.95,0.23452078799117146,0.09574271077563382,0.05499999999999999,6,0.95,0.080869237238335,0.03301472785366684,0.006539833531510109,6,-0.6724137931034483,0.23452078799117146,0.09574271077563382,0.05499999999999999,6
S003,0,Floor level,2.9,NORMAL,3.5,0.20689655172413796,0.6,2.3804761428476167,1.1902380714238083,5.666666666666667,4,3.5,0.820853842361247,0.4104269211806235,0.673801030519223,4,0.20689655172413796,2.3804761428476167,1.1902380714238083,5.666666666666666,4
S004,0,Floor level,2.9,NORMAL,1.56,-0.46206896551724136,-1.3399999999999999,0.1341640786499874,0.06,0.018000000000000006,5,1.56,0.04626347539654737,0.02068965517241379,0.0021403091557669436,5,-0.46206896551724136,0.1341640786499874,0.06,0.018000000000000006,5
S005,0,Floor level,2.9,NORMAL,1.9,-0.3448275862068965,-0.9999999999999999,0.4183300132670378,0.18708286933869706,0.175,5,1.9,0.14425172871277164,0.06451133425472312,0.020808561236623068,5,-0.3448275862068965,0.4183300132670378,0.18708286933869706,0.175,5
S006,0,Floor level,2.9,NORMAL,2,-0.31034482758620685,-0.8999999999999999,0.6324555320336759,0.25819888974716115,0.4,6,2,0.218088114494371,0.08903409991281419,0.04756242568370987,6,-0.31034482758620685,0.6324555320336759,0.25819888974716115,0.4,6
S007,0,Floor level,2.9,NORMAL,1.625,-0.43965517241379304,-1.275,0.47871355387816905,0.23935677693908453,0.22916666666666666,4,1.625,0.16507363926833418,0.08253681963416709,0.027249306381292117,4,-0.43965517241379304,0.47871355387816905,0.23935677693908453,0.22916666666666666,4
S008,0,Floor level,2.9,NORMAL,3,0.034482758620689696,0.10000000000000009,1,0.44721359549995793,1,5,3,0.3448275862068966,0.1542115846551579,0.11890606420927467,5,0.034482758620689696,1,0.44721359549995793,1,5
S009,0,Floor level,2.9,NORMAL,2.02,-0.3034482758620689,-0.8799999999999999,0.08366600265340762,0.037416573867739444,0.007000000000000012,5,2.02,0.02885034574255436,0.012902266850944638,8.323424494649245e-4,5,-0.3034482758620689,0.08366600265340762,0.037416573867739444,0.007000000000000012,5
S010,0,Floor level,2.9,NORMAL,2.6666666666666665,-0.08045977011494249,-0.23333333333333325,1.2110601416389966,0.4944132324730442,1.4666666666666666,6,2.6666666666666665,0.4176069453927575,0.17048732154242907,0.17439556084026953,6,-0.08045977011494249,1.2110601416389966,0.4944132324730442,1.4666666666666666,6
S011,0,Floor level,2.9,NORMAL,2.375,-0.18103448275862066,-0.5249999999999999,0.75,0.375,0.5625,4,2.375,0.25862068965517243,0.12931034482758622,0.066884661117717,4,-0.18103448275862066,0.75,0.375,0.5625,4
S012,0,Floor level,2.9,NORMAL,3,0.03448275862068968,0.10000000000000009,1.4142135623730951,0.6324555320336759,2,5,3,0.4876598490941707,0.218088114494371,0.23781212841854935,5,0.03448275862068968,1.4142135623730951,0.6324555320336759,2,5
S013,0,Floor level,2.9,NORMAL,1.66,-0.4275862068965517,-1.24,1.0699948078794068,0.3383620677453205,1.1448888888888888,10,1.66,0.3689637268549679,0.1166765750845933,0.13613423173470737,10,-0.4275862068965517,1.0699948078794068,0.3383620677453205,1.1448888888888888,10
S015,0,Floor level,2.9,NORMAL,2.18125,-0.24784482758620688,-0.7187499999999999,0.933479474102901,0.3300348331183067,0.8713839285714285,8,2.18125,0.3218894738285865,0.11380511486838162,0.1036128333616443,8,-0.24784482758620688,0.933479474102901,0.3300348331183067,0.8713839285714285,8
S017,0,Floor level,2.9,NORMAL,3,0.03448275862068969,0.10000000000000009,0.7071067811865476,0.31622776601683794,0.5,5,3,0.24382992454708535,0.1090440572471855,0.059453032104637336,5,0.03448275862068969,0.7071067811865476,0.31622776601683794,0.5,5
S018,0,Floor level,2.9,NORMAL,3.1666666666666665,0.09195402298850579,0.2666666666666668,0.983192080250175,0.4013864859597432,0.9666666666666667,6,3.1666666666666665,0.3390317518104052,0.13840913308956662,0.11494252873563218,6,0.09195402298850579,0.983192080250175,0.4013864859597432,0.9666666666666667,6
S001,3,Ear level,4.2,NORMAL,2.308,-0.4504761904761905,-1.8920000000000001,2.2702797184488084,1.0152999556781237,5.15417,5,2.308,0.5405427901068591,0.24173808468526756,0.2921865079365079,5,-0.4504761904761905,2.2702797184488084,1.0152999556781237,5.15417,5
S002,3,Ear level,4.2,NORMAL,1.24,-0.7047619047619048,-2.96,0.3577708763999664,0.16000000000000003,0.12800000000000003,5,1.24,0.08518354199999198,0.03809523809523809,0.007256235827664397,5,-0.7047619047619048,0.3577708763999664,0.16000000000000003,0.12800000000000006,5
S003,3,Ear level,4.2,NORMAL,4.622,0.10047619047619051,0.42200000000000004,5.103863242681959,2.282517031699873,26.04942,5,4.622,1.215205533971895,0.5434564361190174,1.4767244897959184,5,0.10047619047619051,5.103863242681959,2.282517031699873,26.04942,5
S004,3,Ear level,4.2,NORMAL,2.7,-0.35714285714285715,-1.5000000000000002,0.44721359549995793,0.19999999999999998,0.2,5,2.7,0.10647942749998998,0.047619047619047616,0.011337868480725622,5,-0.35714285714285715,0.44721359549995793,0.19999999999999998,0.2,5
S005,3,Ear level,4.2,NORMAL,2.8,-0.33333333333333337,-1.4000000000000001,0.44721359549995793,0.19999999999999998,0.2,5,2.8,0.10647942749998997,0.04761904761904761,0.01133786848072562,5,-0.33333333333333337,0.44721359549995793,0.19999999999999998,0.2,5
S006,3,Ear level,4.2,NORMAL,1.4,-0.6666666666666666,-2.8000000000000003,0.5477225575051661,0.24494897427831777,0.3,5,1.4,0.13041013273932522,0.05832118435198041,0.017006802721088426,5,-0.6666666666666666,0.5477225575051661,0.24494897427831777,0.3,5
S007,3,Ear level,4.2,NORMAL,1.8,-0.5714285714285714,-2.4000000000000004,0.44721359549995793,0.19999999999999998,0.2,5,1.8,0.10647942749998995,0.0476190476190476,0.011337868480725617,5,-0.5714285714285714,0.44721359549995793,0.19999999999999998,0.2,5
S008,3,Ear level,4.2,NORMAL,2.6,-0.380952380952381,-1.6,0.8944271909999159,0.39999999999999997,0.8,5,2.6,0.21295885499997996,0.09523809523809523,0.045351473922902494,5,-0.380952380952381,0.8944271909999159,0.39999999999999997,0.8,5
S009,3,Ear level,4.2,NORMAL,1.32,-0.6857142857142857,-2.8800000000000003,0.303315017762062,0.13564659966250533,0.09199999999999998,5,1.32,0.07221786137191953,0.03229680944345366,0.005215419501133786,5,-0.6857142857142857,0.3033150177620621,0.1356465996625054,0.09200000000000004,5
S010,3,Ear level,4.2,NORMAL,3.5,-0.16666666666666669,-0.7000000000000002,1.2747548783981961,0.5700877125495689,1.625,5,3.5,0.3035130662852848,0.13573516965465926,0.09212018140589569,5,-0.16666666666666669,1.2747548783981961,0.5700877125495689,1.625,5
S011,3,Ear level,4.2,NORMAL,2.3,-0.4523809523809524,-1.9000000000000001,0.44721359549995793,0.19999999999999998,0.2,5,2.3,0.10647942749998998,0.047619047619047616,0.011337868480725623,5,-0.4523809523809524,0.44721359549995793,0.19999999999999998,0.2,5
S012,3,Ear level,4.2,NORMAL,6.6,0.5714285714285714,2.4,1.3416407864998738,0.6,1.8,5,6.6,0.3194382824999699,0.14285714285714282,0.1020408163265306,5,0.5714285714285714,1.3416407864998738,0.6,1.8,5
S013,3,Ear level,4.2,NORMAL,0.81,-0.8285714285714285,-3.4800000000000004,0.5216427044549853,0.1649579070887816,0.27211111111111114,10,0.81,0.14484942355827665,0.045805409620660556,0.020981355505165035,10,-0.8285714285714285,0.608367578944762,0.19238272040677437,0.3701111111111112,10
S015,3,Ear level,4.2,NORMAL,1.9949999999999999,-0.525,-2.205,0.6660205202043953,0.21061418122560818,0.4435833333333333,10,1.9949999999999999,0.1585763143343798,0.050146233625144795,0.02514644746787603,10,-0.525,0.6660205202043952,0.21061418122560815,0.4435833333333332,10
S017,3,Ear level,4.2,NORMAL,4.4,0.047619047619047575,0.19999999999999982,1.140175425099138,0.5099019513592785,1.3,5,4.4,0.2714703393093186,0.12140522651411392,0.07369614512471655,5,0.047619047619047575,1.140175425099138,0.5099019513592785,1.3,5
S018,3,Ear level,4.2,NORMAL,2.4,-0.4285714285714286,-1.8000000000000003,0.8944271909999159,0.39999999999999997,0.8,5,2.4,0.21295885499997996,0.09523809523809523,0.045351473922902494,5,-0.4285714285714286,0.8944271909999159,0.39999999999999997,0.8,5
S001,0,Floor level,4.2,NORMAL,0.364,-0.9133333333333333,-3.8360000000000003,0.14825653442597397,0.066302337817003107,0.021980000000000003,5,0.364,0.03529917486332713,0.01578627090881026,0.0012460317460317456,5,-0.9133333333333333,0.1482565344259739,0.06630233781700308,0.021979999999999982,5
S002,0,Floor level,4.2,NORMAL,1.54,-0.6333333333333334,-2.66,0.260768096208106,0.11661903789690602,0.06800000000000002,5,1.54,0.062087641954310914,0.02776643759450142,0.003854875283446709,5,-0.6333333333333334,0.2607680962081058,0.11661903789690595,0.06799999999999994,5
S003,0,Floor level,4.2,NORMAL,3.6666666666666665,-0.126984126984127,-0.5333333333333335,1.8618986725025255,0.760116950066092,3.466666666666667,6,3.6666666666666665,0.44330920773869653,0.18098022620621237,0.19652305366591077,6,-0.126984126984127,1.8618986725025255,0.760116950066092,3.466666666666667,6
S004,0,Floor level,4.2,NORMAL,2.25,-0.4642857142857143,-1.9500000000000002,0.28867513459481287,0.14433756729740643,0.08333333333333333,4,2.25,0.06873217490352689,0.03436608745176344,0.004724111866969012,4,-0.4642857142857143,0.28867513459481287,0.14433756729740643,0.08333333333333333,4
S005,0,Floor level,4.2,NORMAL,2.6,-0.380952380952381,-1.6,0.4183300132670378,0.18708286933869706,0.175,5,2.6,0.09960238411119945,0.04454354031873739,0.009920634920634918,5,-0.380952380952381,0.4183300132670378,0.18708286933869706,0.175,5
S006,0,Floor level,4.2,NORMAL,2.56,-0.39047619047619053,-1.6400000000000001,0.6655824516917495,0.2976575213227443,0.443,5,2.56,0.1584720123075594,0.07087083841017722,0.025113378684807255,5,-0.39047619047619053,0.6655824516917495,0.2976575213227443,0.443,5
S007,0,Floor level,4.2,NORMAL,1.8333333333333333,-0.5634920634920635,-2.3666666666666667,0.5163977794943222,0.21081851067789195,0.26666666666666666,6,1.8333333333333333,0.1229518522605529,0.05019488349473618,0.015117157974300828,6,-0.5634920634920635,0.5163977794943222,0.21081851067789195,0.26666666666666666,6
S008,0,Floor level,4.2,NORMAL,2.75,-0.3452380952380953,-1.4500000000000002,1.5,0.75,2.25,4,2.75,0.35714285714285715,0.17857142857142858,0.12755102040816327,4,-0.3452380952380953,1.5,0.75,2.25,4
S009,0,Floor level,4.2,NORMAL,2.56,-0.3904761904761905,-1.6400000000000001,0.49799598391954925,0.22271057451320084,0.24799999999999997,5,2.56,0.11857047236179744,0.053026327265047815,0.014058956916099768,5,-0.3904761904761905,0.49799598391954925,0.22271057451320084,0.24799999999999997,5
S010,0,Floor level,4.2,NORMAL,3.8,-0.09523809523809527,-0.4000000000000002,1.2549900398011133,0.5612486080160912,1.575,5,3.8,0.2988071523335984,0.13363062095621217,0.08928571428571429,5,-0.09523809523809527,1.2549900398011133,0.5612486080160912,1.575,5
S011,0,Floor level,4.2,NORMAL,3.3833333333333333,-0.19444444444444448,-0.8166666666666669,0.7756717518813397,0.3166666666666667,0.6016666666666667,6,3.3833333333333333,0.18468375044793803,0.0753968253968254,0.03410808767951625,6,-0.19444444444444448,0.7756717518813397,0.3166666666666667,0.6016666666666667,6
S012,0,Floor level,4.2,NORMAL,5.5,0.3095238095238095,1.2999999999999998,0.5773502691896257,0.28867513459481287,0.3333333333333333,4,5.5,0.13746434980705374,0.06873217490352687,0.018896447467876033,4,0.3095238095238095,0.5773502691896257,0.28867513459481287,0.3333333333333333,4
S013,0,Floor level,4.2,NORMAL,3.4,-0.19047619047619052,-0.8000000000000002,0.699205898780101,0.22110831935702663,0.4888888888888889,10,3.4,0.1664775949476431,0.052644837942149206,0.027714789619551525,10,-0.19047619047619052,0.699205898780101,0.22110831935702663,0.4888888888888889,10
S015,0,Floor level,4.2,NORMAL,2.2041666666666666,-0.47519841269841273,-1.9958333333333336,0.7027408462368592,0.20286380837269805,0.4938446969696969,12,2.2041666666666666,0.16731924910401408,0.04830090675540429,0.027995731120731115,12,-0.47519841269841273,0.7027408462368592,0.20286380837269805,0.4938446969696969,12
S017,0,Floor level,4.2,NORMAL,4,-0.04761904761904766,-0.20000000000000018,1,0.44721359549995793,1,5,4,0.2380952380952381,0.10647942749998998,0.05668934240362812,5,-0.04761904761904766,1,0.44721359549995793,1,5
S018,0,Floor level,4.2,NORMAL,3.4,-0.19047619047619052,-0.8000000000000002,0.5477225575051661,0.24494897427831777,0.3,5,3.4,0.13041013273932528,0.058321184351980436,0.017006802721088437,5,-0.19047619047619052,0.5477225575051661,0.24494897427831777,0.3,5
S001,3,Ear level,6,NORMAL,3.7,-0.3833333333333333,-2.3,1.396424004376894,0.6244997998398397,1.95,5,3.7,0.2327373340628157,0.10408329997330663,0.05416666666666667,5,-0.3833333333333333,1.396424004376894,0.6244997998398397,1.95,5
S002,3,Ear level,6,NORMAL,1.5,-0.75,-4.5,0.21213203435596428,0.09486832980505139,0.045000000000000005,5,1.5,0.03535533905932734,0.015811388300841882,0.0012499999999999976,5,-0.75,0.21213203435596423,0.09486832980505136,0.04499999999999999,5
S003,3,Ear level,6,NORMAL,11.014,0.8356666666666667,5.014,7.68869169625106,3.4384874581711067,59.11598,5,11.014,1.2814486160418435,0.5730812430285178,1.6421105555555557,5,0.8356666666666667,7.68869169625106,3.4384874581711067,59.11598,5
S004,3,Ear level,6,NORMAL,3,-0.5,-3,0.5,0.22360679774997896,0.25,5,3,0.08333333333333334,0.037267799624996496,0.006944444444444446,5,-0.5,0.5,0.22360679774997896,0.25,5
S005,3,Ear level,6,NORMAL,3.06,-0.49,-2.94,0.1341640786499873,0.05999999999999996,0.017999999999999978,5,3.06,0.022360679774997894,0.009999999999999998,4.999999999999998e-4,5,-0.49,0.1341640786499873,0.05999999999999996,0.017999999999999978,5
S006,3,Ear level,6,NORMAL,2.2,-0.6333333333333333,-3.8,0.44721359549995793,0.19999999999999998,0.2,5,2.2,0.07453559924999298,0.033333333333333326,0.005555555555555553,5,-0.6333333333333333,0.44721359549995793,0.19999999999999998,0.2,5
S007,3,Ear level,6,NORMAL,3.1,-0.48333333333333334,-2.9,0.5477225575051661,0.24494897427831777,0.3,5,3.1,0.0912870929175277,0.04082482904638631,0.008333333333333337,5,-0.48333333333333334,0.5477225575051661,0.24494897427831777,0.3,5
S008,3,Ear level,6,NORMAL,3,-0.5,-3,0.7071067811865476,0.31622776601683794,0.5,5,3,0.11785113019775792,0.05270462766947299,0.013888888888888888,5,-0.5,0.7071067811865476,0.31622776601683794,0.5,5
S009,3,Ear level,6,NORMAL,1.92,-0.6799999999999999,-4.08,0.3701351104664349,0.16552945357246845,0.13699999999999996,5,1.92,0.061689185077739156,0.02758824226207808,0.003805555555555555,5,-0.6799999999999999,0.37013511046643494,0.16552945357246848,0.137,5
S010,3,Ear level,6,NORMAL,4.6,-0.23333333333333334,-1.4,1.08397416943394,0.4847679857416329,1.175,5,4.6,0.18066236157232332,0.08079466429027214,0.03263888888888889,5,-0.23333333333333334,1.08397416943394,0.4847679857416329,1.175,5
S011,3,Ear level,6,NORMAL,3.6,-0.39999999999999997,-2.4,0.5477225575051661,0.24494897427831777,0.3,5,3.6,0.09128709291752769,0.040824829046386304,0.008333333333333335,5,-0.39999999999999997,0.5477225575051661,0.24494897427831777,0.3,5
S012,3,Ear level,6,NORMAL,7.2,0.19999999999999998,1.2,0.8366600265340756,0.3741657386773941,0.7,5,7.2,0.13944333775567924,0.062360956446232345,0.01944444444444444,5,0.19999999999999998,0.8366600265340756,0.3741657386773941,0.7,5
S013,3,Ear level,6,NORMAL,1.11,-0.8150000000000001,-4.89,0.5952590472502987,0.1882374387132733,0.35433333333333333,10,1.11,0.09920984120838314,0.031372906452212225,0.009842592592592597,10,-0.8150000000000001,0.5952590472502988,0.18823743871327334,0.3543333333333334,10
S015,3,Ear level,6,NORMAL,2.445,-0.5925,-3.555,0.9166515150262939,0.28987066081271484,0.84025,10,2.445,0.15277525250438234,0.04831177680211915,0.02334027777777778,10,-0.5925,0.9166515150262939,0.28987066081271484,0.84025,10
S017,3,Ear level,6,NORMAL,6.8,0.13333333333333333,0.8,0.44721359549995793,0.19999999999999998,0.2,5,6.8,0.07453559924999298,0.033333333333333326,0.005555555555555555,5,0.13333333333333333,0.44721359549995793,0.19999999999999998,0.2,5
S018,3,Ear level,6,NORMAL,3.6,-0.39999999999999997,-2.4,0.8944271909999159,0.39999999999999997,0.8,5,3.6,0.14907119849998596,0.06666666666666665,0.02222222222222222,5,-0.39999999999999997,0.8944271909999159,0.39999999999999997,0.8,5
S001,0,Floor level,6,NORMAL,0.19,-0.9683333333333334,-5.8100000000000005,0.08406346808612326,0.04203173404306163,0.0070666666666666655,4,0.19,0.014010578014353865,0.007005289007176932,1.9629629629629587e-4,4,-0.9683333333333334,0.08406346808612332,0.04203173404306166,0.007066666666666673,4
S002,0,Floor level,6,NORMAL,1.52,-0.7466666666666667,-4.48,0.044721359549995836,0.020000000000000018,0.0020000000000000035,5,1.52,0.007453559924999273,0.0033333333333333214,5.555555555555516e-5,5,-0.7466666666666667,0.044721359549995635,0.019999999999999928,0.0019999999999999857,5
S003,0,Floor level,6,NORMAL,7.6,0.26666666666666666,1.6,3.286335345030997,1.469693845669907,10.8,5,7.6,0.5477225575051661,0.24494897427831777,0.3,5,0.26666666666666666,3.286335345030997,1.469693845669907,10.8,5
S004,0,Floor level,6,NORMAL,2.75,-0.5416666666666666,-3.25,0.4183300132670378,0.17078251276599332,0.175,6,2.75,0.06972166887783962,0.02846375212766555,0.0048611111111111095,6,-0.5416666666666666,0.4183300132670378,0.17078251276599332,0.175,6
S005,0,Floor level,6,NORMAL,2,-0.6666666666666666,-4,0,0,0,4,2,0,0,0,4,-0.6666666666666666,0,0,0,4
S006,0,Floor level,6,NORMAL,3.1,-0.48333333333333334,-2.9,0.22360679774997896,0.09999999999999999,0.05,5,3.1,0.03726779962499649,0.016666666666666663,0.0013888888888888883,5,-0.48333333333333334,0.22360679774997896,0.09999999999999999,0.05,5
S007,0,Floor level,6,NORMAL,2.6,-0.5666666666666667,-3.4,0.6519202405202649,0.291547594742265,0.425,5,2.6,0.10865337342004415,0.0485912657903775,0.011805555555555555,5,-0.5666666666666667,0.6519202405202649,0.291547594742265,0.425,5
S008,0,Floor level,6,NORMAL,4.166666666666667,-0.3055555555555555,-1.8333333333333333,1.1690451944500122,0.47726070210921184,1.3666666666666667,6,4.166666666666667,0.19484086574166867,0.0795434503515353,0.037962962962962955,6,-0.3055555555555555,1.1690451944500122,0.47726070210921184,1.3666666666666667,6
S009,0,Floor level,6,NORMAL,3.9000000000000004,-0.35,-2.0999999999999996,1.1633285577743433,0.5816642788871716,1.3533333333333335,4,3.9000000000000004,0.19388809296239057,0.09694404648119528,0.03759259259259261,4,-0.35,1.1633285577743433,0.5816642788871716,1.3533333333333335,4
S010,0,Floor level,6,NORMAL,4.7,-0.21666666666666665,-1.3,0.9746794344808963,0.43588989435406733,0.95,5,4.7,0.16244657241348273,0.07264831572567788,0.026388888888888885,5,-0.21666666666666665,0.9746794344808963,0.43588989435406733,0.95,5
S011,0,Floor level,6,NORMAL,5.08,-0.15333333333333335,-0.9200000000000002,1.2617448236470004,0.5642694391866353,1.5919999999999999,5,5.08,0.21029080394116673,0.09404490653110589,0.04422222222222222,5,-0.15333333333333335,1.2617448236470004,0.5642694391866353,1.5919999999999999,5
S012,0,Floor level,6,NORMAL,5.166666666666667,-0.1388888888888889,-0.8333333333333334,1.1690451944500122,0.47726070210921184,1.3666666666666667,6,5.166666666666667,0.19484086574166867,0.0795434503515353,0.03796296296296296,6,-0.1388888888888889,1.1690451944500122,0.47726070210921184,1.3666666666666667,6
S013,0,Floor level,6,NORMAL,5.5,-0.08333333333333334,-0.5,2.5071326821120348,0.8864052604279182,6.285714285714286,8,5.5,0.41785544701867244,0.1477342100713197,0.1746031746031746,8,-0.08333333333333334,2.5071326821120348,0.8864052604279182,6.285714285714286,8
S015,0,Floor level,6,NORMAL,4.21,-0.29833333333333334,-1.79,0.5665686189686118,0.17916472867168917,0.321,10,4.21,0.09442810316143531,0.029860788111948196,0.008916666666666668,10,-0.29833333333333334,0.5665686189686118,0.17916472867168917,0.321,10
S017,0,Floor level,6,NORMAL,4.75,-0.20833333333333331,-1.25,0.5,0.25,0.25,4,4.75,0.08333333333333333,0.041666666666666664,0.006944444444444444,4,-0.20833333333333331,0.5,0.25,0.25,4
S018,0,Floor level,6,NORMAL,4.6,-0.2333333333333333,-1.4,0.5477225575051661,0.24494897427831777,0.3,5,4.6,0.09128709291752768,0.0408248290463863,0.008333333333333333,5,-0.2333333333333333,0.5477225575051661,0.24494897427831777,0.3,5
S013,4,Ear level,2,ROVED,0.8333333333333334,-0.5833333333333334,-1.1666666666666667,0.2581988897471611,0.10540925533894598,0.06666666666666667,6,0.8333333333333334,0.12909944487358055,0.05270462766947299,0.016666666666666666,6,-0.5833333333333334,0.2581988897471611,0.10540925533894598,0.06666666666666667,6
S001,5,Ear level,2,ROVED,0.13,-0.9349999999999999,-1.8699999999999999,0.0670820393249937,0.03,0.0045000000000000005,5,0.13,0.03354101966249682,0.014999999999999987,0.0011249999999999982,5,-0.9349999999999999,0.06708203932499364,0.029999999999999975,0.004499999999999993,5
S002,5,Ear level,2,ROVED,1.175,-0.41250000000000003,-0.8250000000000001,0.5188127472091126,0.2594063736045563,0.2691666666666666,4,1.175,0.2594063736045563,0.12970318680227816,0.06729166666666667,4,-0.41250000000000003,0.5188127472091126,0.2594063736045563,0.26916666666666667,4
S003,5,Ear level,2,ROVED,7.8,2.9,5.8,3.7013511046643495,1.6552945357246849,13.7,5,7.8,1.8506755523321747,0.8276472678623424,3.425,5,2.9,3.7013511046643495,1.6552945357246849,13.7,5
S004,5,Ear level,2,ROVED,2.6666666666666665,0.3333333333333333,0.6666666666666666,0.6055300708194983,0.2472066162365221,0.36666666666666664,6,2.6666666666666665,0.30276503540974914,0.12360330811826105,0.09166666666666666,6,0.3333333333333333,0.6055300708194983,0.2472066162365221,0.36666666666666664,6
S005,5,Ear level,2,ROVED,1.8,-0.1,-0.2,0.27386127875258304,0.12247448713915889,0.075,5,1.8,0.13693063937629152,0.06123724356957944,0.01875,5,-0.1,0.27386127875258304,0.12247448713915889,0.075,5
S006,5,Ear level,2,ROVED,2.25,0.125,0.25,0.9574271077563381,0.47871355387816905,0.9166666666666666,4,2.25,0.47871355387816905,0.23935677693908453,0.22916666666666666,4,0.125,0.9574271077563381,0.47871355387816905,0.9166666666666666,4
S007,5,Ear level,2,ROVED,2.2,0.1,0.2,0.44721359549995793,0.19999999999999998,0.2,5,2.2,0.22360679774997896,0.09999999999999999,0.05,5,0.1,0.44721359549995793,0.19999999999999998,0.2,5
S008,5,Ear level,2,ROVED,1.5,-0.25,-0.5,1.224744871391589,0.5,1.5,6,1.5,0.6123724356957945,0.25,0.375,6,-0.25,1.224744871391589,0.5,1.5,6
S009,5,Ear level,2,ROVED,0.78,-0.61,-1.22,0.31144823004794875,0.1392838827718412,0.09699999999999999,5,0.78,0.15572411502397437,0.0696419413859206,0.024249999999999997,5,-0.61,0.31144823004794875,0.1392838827718412,0.09699999999999999,5
S010,5,Ear level,2,ROVED,4.95,1.475,2.95,2.1,1.05,4.41,4,4.95,1.05,0.525,1.1025,4,1.475,2.1,1.05,4.41,4
S011,5,Ear level,2,ROVED,1.7,-0.15,-0.3,0.6708203932499369,0.3,0.45,5,1.7,0.33541019662496846,0.15,0.1125,5,-0.15,0.6708203932499369,0.3,0.45,5
S012,5,Ear level,2,ROVED,6.333333333333333,2.1666666666666665,4.333333333333333,5.046450898073483,2.060204952048326,25.466666666666665,6,6.333333333333333,2.5232254490367416,1.030102476024163,6.366666666666666,6,2.1666666666666665,5.046450898073483,2.060204952048326,25.466666666666665,6
S013,5,Ear level,2,ROVED,1.1,-0.54,-1.08,0.8944271909999159,0.39999999999999997,0.8,5,1.1,0.5316836465418134,0.23777615523849316,0.2826875,5,-0.54,1.0633672930836269,0.4755523104769863,1.13075,5
S015,5,Ear level,2,ROVED,2.24,0.12000000000000001,0.24000000000000002,1.2167351578895238,0.3847654408135487,1.4804444444444447,10,2.24,0.6083675789447619,0.19238272040677434,0.37011111111111117,10,0.12000000000000001,1.2167351578895238,0.3847654408135487,1.4804444444444447,10
S017,5,Ear level,2,ROVED,4.8,1.4,2.8,1.4832396974191326,0.6633249580710799,2.2,5,4.8,0.7416198487095663,0.33166247903553997,0.55,5,1.4,1.4832396974191326,0.6633249580710799,2.2,5
S018,5,Ear level,2,ROVED,2.75,0.375,0.75,0.5,0.25,0.25,4,2.75,0.25,0.125,0.0625,4,0.375,0.5,0.25,0.25,4
S001,2,Floor level,2,ROVED,0.116,-0.9420000000000001,-1.8840000000000001,0.055946402922797456,0.025019992006393606,0.00313,5,0.116,0.027973201461398693,0.012509996003196787,7.82499999999998e-4,5,-0.9420000000000001,0.055946402922797386,0.025019992006393574,0.003129999999999992,5
S002,2,Floor level,2,ROVED,1.25,-0.375,-0.75,0.20816659994661327,0.10408329997330663,0.043333333333333335,4,1.25,0.10408329997330663,0.05204164998665332,0.010833333333333334,4,-0.375,0.20816659994661327,0.10408329997330663,0.043333333333333335,4
S003,2,Floor level,2,ROVED,3.8333333333333335,0.9166666666666666,1.8333333333333333,1.9407902170679516,0.792324288266981,3.7666666666666666,6,3.8333333333333335,0.9703951085339758,0.3961621441334905,0.9416666666666667,6,0.9166666666666666,1.9407902170679516,0.792324288266981,3.7666666666666666,6
S004,2,Floor level,2,ROVED,1,-0.5,-1,0,0,0,5,1,0,0,0,5,-0.5,0,0,0,5
S005,2,Floor level,2,ROVED,1.2,-0.4,-0.8,0.27386127875258304,0.12247448713915889,0.075,5,1.2,0.13693063937629152,0.06123724356957944,0.01875,5,-0.4,0.27386127875258304,0.12247448713915889,0.075,5
S006,2,Floor level,2,ROVED,1.25,-0.375,-0.75,0.5,0.25,0.25,4,1.25,0.25,0.125,0.0625,4,-0.375,0.5,0.25,0.25,4
S007,2,Floor level,2,ROVED,1.1666666666666667,-0.4166666666666667,-0.8333333333333334,0.2581988897471611,0.10540925533894598,0.06666666666666667,6,1.1666666666666667,0.12909944487358055,0.05270462766947299,0.016666666666666666,6,-0.4166666666666667,0.2581988897471611,0.10540925533894598,0.06666666666666667,6
S008,2,Floor level,2,ROVED,3.6,0.8,1.6,1.9493588689617927,0.8717797887081347,3.8,5,3.6,0.9746794344808963,0.43588989435406733,0.95,5,0.8,1.9493588689617927,0.8717797887081347,3.8,5
S009,2,Floor level,2,ROVED,1.82,-0.09000000000000001,-0.18000000000000002,0.08366600265340753,0.037416573867739396,0.006999999999999995,5,1.82,0.04183300132670376,0.018708286933869698,0.0017499999999999987,5,-0.09000000000000001,0.08366600265340753,0.037416573867739396,0.006999999999999995,5
S010,2,Floor level,2,ROVED,1.625,-0.1875,-0.375,0.47871355387816905,0.23935677693908453,0.22916666666666666,4,1.625,0.23935677693908453,0.11967838846954226,0.057291666666666664,4,-0.1875,0.47871355387816905,0.23935677693908453,0.22916666666666666,4
S011,2,Floor level,2,ROVED,1.3333333333333333,-0.3333333333333333,-0.6666666666666666,0.2581988897471611,0.10540925533894598,0.06666666666666667,6,1.3333333333333333,0.12909944487358055,0.05270462766947299,0.016666666666666666,6,-0.3333333333333333,0.2581988897471611,0.10540925533894598,0.06666666666666667,6
S012,2,Floor level,2,ROVED,2.6,0.3,0.6,1.9493588689617927,0.8717797887081347,3.8,5,2.6,0.9746794344808963,0.43588989435406733,0.95,5,0.3,1.9493588689617927,0.8717797887081347,3.8,5
S013,2,Floor level,2,ROVED,0.77,-0.615,-1.23,0.5618422079789543,0.17767010628315236,0.31566666666666665,10,0.77,0.28092110398947717,0.08883505314157618,0.07891666666666666,10,-0.615,0.5618422079789543,0.17767010628315236,0.31566666666666665,10
S015,2,Floor level,2,ROVED,1.1708333333333334,-0.4145833333333333,-0.8291666666666666,0.44744645862196,0.12916666666666668,0.20020833333333332,12,1.1708333333333334,0.22372322931098,0.06458333333333334,0.05005208333333333,12,-0.4145833333333333,0.44744645862196,0.12916666666666668,0.20020833333333332,12
S017,2,Floor level,2,ROVED,1.8,-0.1,-0.2,1.3038404810405297,0.58309518948453,1.7,5,1.8,0.6519202405202649,0.291547594742265,0.425,5,-0.1,1.3038404810405297,0.58309518948453,1.7,5
S018,2,Floor level,2,ROVED,1.25,-0.375,-0.75,0.5,0.25,0.25,4,1.25,0.25,0.125,0.0625,4,-0.375,0.5,0.25,0.25,4
S013,4,Ear level,2.9,ROVED,1.2,-0.5862068965517241,-1.7,0.570087712549569,0.25495097567963926,0.325,5,1.2,0.19658196984467896,0.08791412954470318,0.03864447086801427,5,-0.5862068965517241,0.570087712549569,0.25495097567963926,0.325,5
S001,5,Ear level,2.9,ROVED,0.275,-0.9051724137931034,-2.625,0.22527760652137618,0.09196919774214263,0.050749999999999997,6,0.275,0.07768193328323321,0.031713516462807824,0.006034482758620695,6,-0.9051724137931034,0.22527760652137627,0.09196919774214267,0.05075000000000003,6
S002,5,Ear level,2.9,ROVED,1.12,-0.6137931034482759,-1.7799999999999998,0.4438468204234429,0.19849433241279207,0.197,5,1.12,0.15305062773222172,0.06844632152165245,0.023424494649227114,5,-0.6137931034482759,0.4438468204234429,0.19849433241279207,0.197,5
S003,5,Ear level,2.9,ROVED,4.75,0.6379310344827587,1.85,1.707825127659933,0.8539125638299665,2.9166666666666665,4,4.75,0.5889052164344597,0.29445260821722985,0.34680935394371776,4,0.6379310344827587,1.707825127659933,0.8539125638299665,2.916666666666666,4
S004,5,Ear level,2.9,ROVED,2.56,-0.11724137931034481,-0.33999999999999997,0.6268971207462991,0.28035691537752366,0.39299999999999996,5,2.56,0.2161714209469997,0.09667479840604265,0.04673008323424494,5,-0.11724137931034481,0.6268971207462991,0.28035691537752366,0.39299999999999996,5
S005,5,Ear level,2.9,ROVED,2.0833333333333335,-0.2816091954022988,-0.8166666666666665,0.2041241452319315,0.08333333333333334,0.041666666666666664,6,2.0833333333333335,0.07038763628687293,0.02873563218390805,0.0049544193420531105,6,-0.2816091954022988,0.2041241452319315,0.08333333333333334,0.041666666666666664,6
S006,5,Ear level,2.9,ROVED,2.2,-0.24137931034482757,-0.7,1.0954451150103321,0.48989794855663554,1.2,5,2.2,0.37773969483114905,0.16893032708849504,0.1426872770511296,5,-0.24137931034482757,1.0954451150103321,0.48989794855663554,1.2,5
S007,5,Ear level,2.9,ROVED,2.125,-0.2672413793103448,-0.7749999999999999,0.25,0.125,0.0625,4,2.125,0.08620689655172413,0.043103448275862065,0.007431629013079665,4,-0.2672413793103448,0.25,0.125,0.0625,4
S008,5,Ear level,2.9,ROVED,2.4,-0.17241379310344823,-0.4999999999999999,2.073644135332772,0.9273618495495702,4.3,5,2.4,0.7150497018388869,0.3197799481205415,0.5112960760998811,5,-0.17241379310344823,2.073644135332772,0.9273618495495702,4.3,5
S009,5,Ear level,2.9,ROVED,1.0666666666666667,-0.632183908045977,-1.8333333333333333,0.26583202716502513,0.10852547064066471,0.07066666666666667,6,1.0666666666666667,0.09166621626380181,0.037422576082987845,0.008402695204122084,6,-0.632183908045977,0.2658320271650252,0.10852547064066474,0.0706666666666667,6
S010,5,Ear level,2.9,ROVED,3.8,0.3103448275862069,0.9,2.7748873851023217,1.2409673645990857,7.7,5,3.8,0.9568577190008005,0.4279197808962364,0.915576694411415,5,0.3103448275862069,2.7748873851023212,1.2409673645990855,7.699999999999999,5
S011,5,Ear level,2.9,ROVED,2.375,-0.18103448275862066,-0.5249999999999999,0.47871355387816905,0.23935677693908453,0.22916666666666666,4,2.375,0.16507363926833415,0.08253681963416708,0.02724930638129211,4,-0.18103448275862066,0.47871355387816905,0.23935677693908453,0.22916666666666666,4
S012,5,Ear level,2.9,ROVED,6.8,1.3448275862068966,3.9,3.8987177379235853,1.7435595774162693,15.2,5,6.8,1.3443854268702018,0.6012274404883687,1.8073721759809747,5,1.3448275862068966,3.8987177379235853,1.7435595774162693,15.199999999999998,5
S013,5,Ear level,2.9,ROVED,0.7833333333333333,-0.7816091954022989,-2.2666666666666666,0.649358657959272,0.26509956200978113,0.4216666666666667,6,0.7833333333333333,0.2620840890978015,0.10699538133195624,0.06868806975822436,6,-0.7816091954022989,0.7600438583836243,0.31028660586267304,0.5776666666666668,6
S015,5,Ear level,2.9,ROVED,1.5875,-0.4525862068965517,-1.3125,0.857633787980461,0.3032193336278448,0.7355357142857143,8,1.5875,0.29573578895877967,0.1045583909061534,0.08745965687107185,8,-0.4525862068965517,0.857633787980461,0.3032193336278448,0.7355357142857143,8
S017,5,Ear level,2.9,ROVED,5.166666666666667,0.7816091954022989,2.2666666666666666,0.752772652709081,0.3073181485764296,0.5666666666666667,6,5.166666666666667,0.25957677679623486,0.10597177537118264,0.06738010305192234,6,0.7816091954022989,0.752772652709081,0.3073181485764296,0.5666666666666667,6
S018,5,Ear level,2.9,ROVED,4.4,0.5172413793103449,1.5,0.8944271909999159,0.39999999999999997,0.8,5,4.4,0.3084231693103159,0.13793103448275865,0.09512485136741977,5,0.5172413793103449,0.8944271909999159,0.39999999999999997,0.8,5
S001,2,Floor level,2.9,ROVED,0.2,-0.9310344827586207,-2.6999999999999997,0.05,0.022360679774997897,0.0025000000000000005,5,0.2,0.017241379310344807,0.007710579232757885,2.9726516052318595e-4,5,-0.9310344827586207,0.050000000000000044,0.022360679774997914,0.0025000000000000044,5
S002,2,Floor level,2.9,ROVED,1.22,-0.5793103448275863,-1.68,0.38340579025361626,0.17146428199482244,0.147,5,1.22,0.13220889319090218,0.05912561448097327,0.01747919143876338,5,-0.5793103448275863,0.3834057902536163,0.17146428199482247,0.14700000000000005,5
S003,2,Floor level,2.9,ROVED,5.5,0.896551724137931,2.5999999999999996,2.3804761428476167,1.1902380714238083,5.666666666666667,4,5.5,0.820853842361247,0.4104269211806235,0.673801030519223,4,0.896551724137931,2.380476142847616,1.190238071423808,5.666666666666665,4
S004,2,Floor level,2.9,ROVED,1.75,-0.396551724137931,-1.15,0.5244044240850758,0.21408720964441885,0.275,6,1.75,0.1808291117534744,0.07382317573945477,0.032699167657550536,6,-0.396551724137931,0.5244044240850758,0.21408720964441885,0.275,6
S005,2,Floor level,2.9,ROVED,1.9,-0.3448275862068965,-0.9999999999999999,0.22360679774997896,0.09999999999999999,0.05,5,1.9,0.07710579232757896,0.034482758620689655,0.005945303210463735,5,-0.3448275862068965,0.22360679774997896,0.09999999999999999,0.05,5
S006,2,Floor level,2.9,ROVED,2.2,-0.24137931034482754,-0.7,0.44721359549995793,0.19999999999999998,0.2,5,2.2,0.1542115846551579,0.06896551724137931,0.023781212841854932,5,-0.24137931034482754,0.44721359549995793,0.19999999999999998,0.2,5
S007,2,Floor level,2.9,ROVED,2.125,-0.2672413793103448,-0.7749999999999999,0.25,0.125,0.0625,4,2.125,0.08620689655172413,0.043103448275862065,0.007431629013079665,4,-0.2672413793103448,0.25,0.125,0.0625,4
S008,2,Floor level,2.9,ROVED,3.8333333333333335,0.32183908045977017,0.9333333333333335,1.4719601443879744,0.6009252125773316,2.1666666666666665,6,3.8333333333333335,0.5075724635820602,0.20721559054390748,0.2576298057867618,6,0.32183908045977017,1.4719601443879744,0.6009252125773316,2.1666666666666665,6
S009,2,Floor level,2.9,ROVED,2.06,-0.28965517241379307,-0.84,0.15165750888103097,0.06782329983125265,0.02299999999999999,5,2.06,0.05229569271759689,0.02338734476939747,0.0027348394768133165,5,-0.28965517241379307,0.15165750888103097,0.06782329983125265,0.02299999999999999,5
S010,2,Floor level,2.9,ROVED,2.6,-0.10344827586206894,-0.29999999999999993,0.5477225575051661,0.24494897427831777,0.3,5,2.6,0.18886984741557453,0.08446516354424752,0.0356718192627824,5,-0.10344827586206894,0.5477225575051661,0.24494897427831777,0.3,5
S011,2,Floor level,2.9,ROVED,2.25,-0.2241379310344827,-0.6499999999999999,0.28867513459481287,0.14433756729740643,0.08333333333333333,4,2.25,0.09954314986028029,0.049771574930140144,0.009908838684106221,4,-0.2241379310344827,0.28867513459481287,0.14433756729740643,0.08333333333333333,4
S012,2,Floor level,2.9,ROVED,4,0.3793103448275862,1.0999999999999999,2.3664319132398464,0.966091783079296,5.6,6,4,0.8160110045654643,0.3331350976135503,0.6658739595719381,6,0.3793103448275862,2.3664319132398464,0.966091783079296,5.599999999999999,6
S013,2,Floor level,2.9,ROVED,1.85,-0.3620689655172413,-1.0499999999999998,0.8181958472422385,0.25873624493766706,0.6694444444444444,10,1.85,0.28213649904904775,0.08921939480609209,0.07960100409565332,10,-0.3620689655172413,0.8181958472422385,0.25873624493766706,0.6694444444444444,10
S015,2,Floor level,2.9,ROVED,2.16875,-0.2521551724137931,-0.73125,0.9238651339423334,0.32663565055622096,0.8535267857142856,8,2.16875,0.318574184118046,0.11263298295042103,0.10148951078647868,8,-0.2521551724137931,0.9238651339423334,0.32663565055622096,0.8535267857142856,8
S017,2,Floor level,2.9,ROVED,3.8,0.3103448275862069,0.9000000000000001,0.8366600265340756,0.3741657386773941,0.7,5,3.8,0.2885034574255433,0.12902266850944624,0.08323424494649226,5,0.3103448275862069,0.8366600265340756,0.3741657386773941,0.7,5
S018,2,Floor level,2.9,ROVED,2.6,-0.10344827586206894,-0.29999999999999993,1.140175425099138,0.5099019513592785,1.3,5,2.6,0.3931639396893579,0.17582825908940636,0.1545778834720571,5,-0.10344827586206894,1.140175425099138,0.5099019513592785,1.3,5
S013,4,Ear level,4.2,ROVED,0.7,-0.8333333333333333,-3.5,0.27386127875258304,0.12247448713915889,0.075,5,0.7,0.06520506636966264,0.029160592175990218,0.00425170068027211,5,-0.8333333333333333,0.27386127875258304,0.12247448713915889,0.075,5
S001,5,Ear level,4.2,ROVED,0.5700000000000001,-0.8642857142857143,-3.6300000000000003,0.27064737205448713,0.12103718436910202,0.07325,5,0.5700000000000001,0.06443985048916362,0.028818377230738584,0.004152494331065761,5,-0.8642857142857143,0.2706473720544872,0.12103718436910205,0.07325000000000001,5
S002,5,Ear level,4.2,ROVED,1.35,-0.6785714285714286,-2.85,0.5167204273105526,0.2109502310972899,0.267,6,1.35,0.12302867316917916,0.05022624549935473,0.015136054421768705,6,-0.6785714285714286,0.5167204273105526,0.2109502310972899,0.267,6
S003,5,Ear level,4.2,ROVED,8,0.9047619047619048,3.8,5.656854249492381,2.5298221281347035,32,5,8,1.3468700594029477,0.6023386019368341,1.8140589569160999,5,0.9047619047619048,5.656854249492381,2.5298221281347035,32,5
S004,5,Ear level,4.2,ROVED,2.675,-0.36309523809523814,-1.5250000000000001,0.5377421934967227,0.26887109674836135,0.28916666666666674,4,2.675,0.1280338555944578,0.0640169277972289,0.016392668178382468,4,-0.36309523809523814,0.5377421934967227,0.26887109674836135,0.28916666666666674,4
S005,5,Ear level,4.2,ROVED,2.5,-0.40476190476190477,-1.7000000000000002,0.5,0.22360679774997896,0.25,5,2.5,0.11904761904761904,0.053239713749994984,0.014172335600907028,5,-0.40476190476190477,0.5,0.22360679774997896,0.25,5
S006,5,Ear level,4.2,ROVED,1.8333333333333333,-0.5634920634920635,-2.3666666666666667,0.983192080250175,0.4013864859597432,0.9666666666666667,6,1.8333333333333333,0.23409335244051782,0.09556821094279598,0.05479969765684049,6,-0.5634920634920635,0.983192080250175,0.4013864859597432,0.9666666666666667,6
S007,5,Ear level,4.2,ROVED,3.1,-0.2619047619047619,-1.1,0.7416198487095663,0.33166247903553997,0.55,5,3.1,0.17657615445465863,0.0789672569132238,0.031179138321995464,5,-0.2619047619047619,0.7416198487095663,0.33166247903553997,0.55,5
S008,5,Ear level,4.2,ROVED,3,-0.28571428571428575,-1.2000000000000002,0.816496580927726,0.408248290463863,0.6666666666666666,4,3,0.19440394783993475,0.09720197391996738,0.037792894935752074,4,-0.28571428571428575,0.816496580927726,0.408248290463863,0.6666666666666666,4
S009,5,Ear level,4.2,ROVED,1.4,-0.6666666666666666,-2.8000000000000003,0.4636809247747852,0.2073644135332772,0.215,5,1.4,0.11040022018447264,0.049372479412685036,0.012188208616780041,5,-0.6666666666666666,0.46368092477478523,0.20736441353327723,0.21500000000000005,5
S010,5,Ear level,4.2,ROVED,3.3,-0.2142857142857143,-0.9000000000000002,2.9189039038652846,1.1916375287812986,8.52,6,3.3,0.6949771199679249,0.2837232211384044,0.4829931972789115,6,-0.2142857142857143,2.9189039038652846,1.1916375287812986,8.52,6
S011,5,Ear level,4.2,ROVED,2.6,-0.380952380952381,-1.6,0.4183300132670378,0.18708286933869706,0.175,5,2.6,0.09960238411119945,0.04454354031873739,0.009920634920634918,5,-0.380952380952381,0.4183300132670378,0.18708286933869706,0.175,5
S012,5,Ear level,4.2,ROVED,5.75,0.369047619047619,1.5499999999999998,4.031128874149275,2.0155644370746373,16.25,4,5.75,0.9597925890831607,0.47989629454158034,0.9212018140589568,4,0.369047619047619,4.031128874149275,2.0155644370746373,16.25,4
S013,5,Ear level,4.2,ROVED,1.04,-0.7523809523809524,-3.16,0.8848728722251575,0.3957271787481875,0.783,5,1.04,0.21068401719646604,0.09422075684480655,0.0443877551020408,5,-0.7523809523809524,0.8848728722251575,0.3957271787481875,0.7829999999999999,5
S015,5,Ear level,4.2,ROVED,2.205,-0.4750000000000001,-1.9950000000000003,1.095052002824016,0.3462858485253027,1.1991388888888888,10,2.205,0.2607266673390514,0.0824490115536435,0.0679783950617284,10,-0.4750000000000001,1.095052002824016,0.3462858485253027,1.1991388888888888,10
S017,5,Ear level,4.2,ROVED,4.4,0.047619047619047575,0.19999999999999982,1.140175425099138,0.5099019513592785,1.3,5,4.4,0.2714703393093186,0.12140522651411392,0.07369614512471655,5,0.047619047619047575,1.140175425099138,0.5099019513592785,1.3,5
S018,5,Ear level,4.2,ROVED,4.333333333333333,0.03174603174603171,0.13333333333333316,1.0327955589886444,0.4216370213557839,1.0666666666666667,6,4.333333333333333,0.24590370452110583,0.10038976698947237,0.06046863189720333,6,0.03174603174603171,1.0327955589886444,0.4216370213557839,1.0666666666666667,6
S001,2,Floor level,4.2,ROVED,0.26666666666666666,-0.9365079365079365,-3.9333333333333336,0.0875595035770913,0.03574601764921203,0.007666666666666665,6,0.26666666666666666,0.02084750085168844,0.008510956583145735,4.3461829176115024e-4,6,-0.9365079365079365,0.08755950357709143,0.03574601764921208,0.007666666666666686,6
S002,2,Floor level,4.2,ROVED,1.42,-0.6619047619047619,-2.7800000000000002,0.27748873851023215,0.12409673645990855,0.077,5,1.42,0.06606874726434098,0.029546842014263937,0.0043650793650793634,5,-0.6619047619047619,0.27748873851023226,0.12409673645990861,0.07700000000000004,5
S003,2,Floor level,4.2,ROVED,5.6,0.33333333333333326,1.4,3.9115214431215892,1.74928556845359,15.3,5,5.6,0.931314629314664,0.4164965639175214,0.8673469387755101,5,0.33333333333333326,3.9115214431215892,1.74928556845359,15.3,5
S004,2,Floor level,4.2,ROVED,2.375,-0.43452380952380953,-1.8250000000000002,0.25,0.125,0.0625,4,2.375,0.059523809523809534,0.029761904761904767,0.0035430839002267584,4,-0.43452380952380953,0.25,0.125,0.0625,4
S005,2,Floor level,4.2,ROVED,2.5,-0.40476190476190477,-1.7000000000000002,0.44721359549995793,0.18257418583505539,0.2,6,2.5,0.10647942749998998,0.043470044246441755,0.011337868480725622,6,-0.40476190476190477,0.44721359549995793,0.18257418583505539,0.2,6
S006,2,Floor level,4.2,ROVED,3,-0.28571428571428575,-1.2000000000000002,0,0,0,5,3,0,0,0,5,-0.28571428571428575,0,0,0,5
S007,2,Floor level,4.2,ROVED,2.8,-0.33333333333333337,-1.4000000000000001,0.570087712549569,0.25495097567963926,0.325,5,2.8,0.1357351696546593,0.06070261325705696,0.018424036281179137,5,-0.33333333333333337,0.570087712549569,0.25495097567963926,0.325,5
S008,2,Floor level,4.2,ROVED,3.25,-0.22619047619047622,-0.9500000000000002,0.9574271077563381,0.47871355387816905,0.9166666666666666,4,3.25,0.2279588351800805,0.11397941759004025,0.05196523053665911,4,-0.22619047619047622,0.9574271077563381,0.47871355387816905,0.9166666666666666,4
S009,2,Floor level,4.2,ROVED,2.1333333333333333,-0.4920634920634921,-2.066666666666667,0.19663841605003501,0.08027729719194865,0.03866666666666667,6,2.1333333333333333,0.046818670488103585,0.019113642188559207,0.0021919879062736215,6,-0.4920634920634921,0.19663841605003501,0.08027729719194865,0.03866666666666667,6
S010,2,Floor level,4.2,ROVED,3.58,-0.14761904761904765,-0.6200000000000002,1.8185158784019457,0.8132650244538984,3.307,5,3.58,0.4329799710480823,0.19363452963188055,0.18747165532879817,5,-0.14761904761904765,1.8185158784019457,0.8132650244538984,3.307,5
S011,2,Floor level,4.2,ROVED,2.5,-0.4047619047619048,-1.7000000000000002,0.7071067811865476,0.31622776601683794,0.5,5,2.5,0.16835875742536846,0.07529232524210426,0.02834467120181406,5,-0.4047619047619048,0.7071067811865476,0.31622776601683794,0.5,5
S012,2,Floor level,4.2,ROVED,5,0.1904761904761904,0.7999999999999998,1.4142135623730951,0.7071067811865476,2,4,5,0.3367175148507369,0.16835875742536846,0.11337868480725623,4,0.1904761904761904,1.4142135623730951,0.7071067811865476,2,4
S013,2,Floor level,4.2,ROVED,1.775,-0.5773809523809524,-2.4250000000000003,1.5960889699512368,0.46075119822596955,2.5475,12,1.775,0.380021183321723,0.10970266624427846,0.1444160997732426,12,-0.5773809523809524,1.5960889699512368,0.46075119822596955,2.5475,12
S015,2,Floor level,4.2,ROVED,1.93,-0.5404761904761906,-2.27,0.7379400758568108,0.23335714164249519,0.5445555555555556,10,1.93,0.17570001806114538,0.055561224200594075,0.030870496346686812,10,-0.5404761904761906,0.7379400758568107,0.23335714164249513,0.5445555555555555,10
S017,2,Floor level,4.2,ROVED,4,-0.047619047619047665,-0.20000000000000018,1.2649110640673518,0.5163977794943223,1.6,6,4,0.3011693009684171,0.12295185226055294,0.09070294784580499,6,-0.047619047619047665,1.2649110640673518,0.5163977794943223,1.6,6
S018,2,Floor level,4.2,ROVED,5,0.1904761904761904,0.7999999999999998,1.224744871391589,0.5477225575051661,1.5,5,5,0.29160592175990213,0.13041013273932525,0.08503401360544217,5,0.1904761904761904,1.224744871391589,0.5477225575051661,1.5,5
S013,4,Ear level,6,ROVED,1.125,-0.8125,-4.875,0.6291528696058958,0.3145764348029479,0.3958333333333333,4,1.125,0.10485881160098265,0.052429405800491324,0.010995370370370372,4,-0.8125,0.6291528696058958,0.3145764348029479,0.3958333333333333,4
S001,5,Ear level,6,ROVED,0.65,-0.8916666666666667,-5.35,0.26770630673681683,0.13385315336840842,0.07166666666666667,4,0.65,0.04461771778946949,0.022308858894734745,0.0019907407407407426,4,-0.8916666666666667,0.267706306736817,0.1338531533684085,0.07166666666666675,4
S002,5,Ear level,6,ROVED,1.24,-0.7933333333333333,-4.76,0.32863353450309973,0.1469693845669907,0.10800000000000003,5,1.24,0.0547722557505166,0.024494897427831775,0.0029999999999999988,5,-0.7933333333333333,0.32863353450309946,0.14696938456699057,0.10799999999999987,5
S003,5,Ear level,6,ROVED,7,0.16666666666666669,1,4.33589667773576,1.7701224063135674,18.8,6,7,0.7226494462892933,0.2950204010522612,0.5222222222222223,6,0.16666666666666669,4.33589667773576,1.7701224063135674,18.8,6
S004,5,Ear level,6,ROVED,2.94,-0.51,-3.06,0.260768096208106,0.11661903789690602,0.06800000000000002,5,2.94,0.04346134936801769,0.019436506316151014,0.0018888888888888913,5,-0.51,0.260768096208106,0.11661903789690602,0.06800000000000002,5
S005,5,Ear level,6,ROVED,2.875,-0.5208333333333334,-3.125,0.25,0.125,0.0625,4,2.875,0.041666666666666685,0.020833333333333343,0.0017361111111111127,4,-0.5208333333333334,0.25,0.125,0.0625,4
S006,5,Ear level,6,ROVED,2.2,-0.6333333333333333,-3.8,0.8366600265340756,0.3741657386773941,0.7,5,2.2,0.13944333775567927,0.06236095644623236,0.019444444444444448,5,-0.6333333333333333,0.8366600265340756,0.3741657386773941,0.7,5
S007,5,Ear level,6,ROVED,2.8333333333333335,-0.5277777777777778,-3.1666666666666665,0.408248290463863,0.16666666666666669,0.16666666666666666,6,2.8333333333333335,0.06804138174397716,0.027777777777777776,0.004629629629629628,6,-0.5277777777777778,0.408248290463863,0.16666666666666669,0.16666666666666666,6
S008,5,Ear level,6,ROVED,3.2,-0.4666666666666667,-2.8,1.3038404810405297,0.58309518948453,1.7,5,3.2,0.21730674684008827,0.09718253158075499,0.047222222222222214,5,-0.4666666666666667,1.3038404810405297,0.58309518948453,1.7,5
S009,5,Ear level,6,ROVED,1.65,-0.725,-4.35,0.28867513459481287,0.14433756729740643,0.08333333333333331,4,1.65,0.04811252243246883,0.024056261216234415,0.0023148148148148164,4,-0.725,0.288675134594813,0.1443375672974065,0.0833333333333334,4
S010,5,Ear level,6,ROVED,3.66,-0.39,-2.34,2.286482013924448,1.0225458424931373,5.228,5,3.66,0.3810803356540747,0.17042430708218953,0.14522222222222222,5,-0.39,2.286482013924448,1.0225458424931373,5.228000000000001,5
S011,5,Ear level,6,ROVED,3,-0.5,-3,0.6324555320336759,0.25819888974716115,0.4,6,3,0.10540925533894598,0.04303314829119352,0.01111111111111111,6,-0.5,0.6324555320336759,0.25819888974716115,0.4,6
S012,5,Ear level,6,ROVED,4.8,-0.19999999999999998,-1.2,2.3874672772626644,1.0677078252031311,5.7,5,4.8,0.39791121287711073,0.17795130420052185,0.15833333333333333,5,-0.19999999999999998,2.3874672772626644,1.0677078252031311,5.7,5
S013,5,Ear level,6,ROVED,0.525,-0.93125,-5.5875,0.36855573979159967,0.18427786989579983,0.13583333333333333,4,0.525,0.07340116812068785,0.036700584060343926,0.005387731481481483,4,-0.93125,0.4404070087241272,0.2202035043620636,0.19395833333333345,4
S015,5,Ear level,6,ROVED,2.35,-0.6083333333333333,-3.65,0.8989893315172424,0.2595158662750408,0.8081818181818182,12,2.35,0.14983155525287373,0.04325264437917347,0.022449494949494952,12,-0.6083333333333333,0.8989893315172424,0.2595158662750408,0.8081818181818182,12
S017,5,Ear level,6,ROVED,6,0,0,0.816496580927726,0.408248290463863,0.6666666666666666,4,6,0.13608276348795434,0.06804138174397717,0.018518518518518517,4,0,0.816496580927726,0.408248290463863,0.6666666666666666,4
S018,5,Ear level,6,ROVED,4,-0.3333333333333333,-2,1.4142135623730951,0.6324555320336759,2,5,4,0.23570226039551584,0.10540925533894598,0.05555555555555555,5,-0.3333333333333333,1.4142135623730951,0.6324555320336759,2,5
S001,2,Floor level,6,ROVED,0.25,-0.9583333333333334,-5.75,0.10801234497346432,0.05400617248673216,0.011666666666666664,4,0.25,0.018002057495577376,0.009001028747788688,3.2407407407407363e-4,4,-0.9583333333333334,0.10801234497346436,0.05400617248673218,0.011666666666666672,4
S002,2,Floor level,6,ROVED,1.1166666666666667,-0.8138888888888889,-4.883333333333333,0.6145459028149701,0.25088731423578287,0.37766666666666665,6,1.1166666666666667,0.10242431713582831,0.04181455237263046,0.010490740740740733,6,-0.8138888888888889,0.6145459028149701,0.25088731423578287,0.37766666666666665,6
S003,2,Floor level,6,ROVED,7,0.16666666666666669,1,6.442049363362563,2.8809720581775866,41.5,5,7,1.0736748938937604,0.4801620096962644,1.1527777777777777,5,0.16666666666666669,6.442049363362563,2.8809720581775866,41.5,5
S004,2,Floor level,6,ROVED,2.7,-0.55,-3.3,0.44721359549995793,0.19999999999999998,0.2,5,2.7,0.07453559924999298,0.033333333333333326,0.005555555555555554,5,-0.55,0.44721359549995793,0.19999999999999998,0.2,5
S005,2,Floor level,6,ROVED,2.625,-0.5625,-3.375,0.25,0.125,0.0625,4,2.625,0.041666666666666685,0.020833333333333343,0.0017361111111111127,4,-0.5625,0.25,0.125,0.0625,4
S006,2,Floor level,6,ROVED,2.8333333333333335,-0.5277777777777778,-3.1666666666666665,0.408248290463863,0.16666666666666669,0.16666666666666666,6,2.8333333333333335,0.06804138174397716,0.027777777777777776,0.004629629629629628,6,-0.5277777777777778,0.408248290463863,0.16666666666666669,0.16666666666666666,6
S007,2,Floor level,6,ROVED,3.12,-0.48000000000000004,-2.88,0.9984988733093292,0.4465422712353221,0.9969999999999998,5,3.12,0.1664164788848882,0.07442371187255367,0.027694444444444435,5,-0.48000000000000004,0.9984988733093292,0.4465422712353221,0.9969999999999998,5
S008,2,Floor level,6,ROVED,3.2,-0.4666666666666667,-2.8,0.8366600265340756,0.3741657386773941,0.7,5,3.2,0.13944333775567927,0.06236095644623236,0.019444444444444445,5,-0.4666666666666667,0.8366600265340756,0.3741657386773941,0.7,5
S009,2,Floor level,6,ROVED,3.25,-0.4583333333333333,-2.75,1.2288205727444508,0.6144102863722254,1.51,4,3.25,0.20480342879074181,0.10240171439537091,0.04194444444444445,4,-0.4583333333333333,1.2288205727444508,0.6144102863722254,1.51,4
S010,2,Floor level,6,ROVED,4.25,-0.2916666666666667,-1.75,2.091650066335189,0.8539125638299666,4.375,6,4.25,0.3486083443891982,0.1423187606383278,0.12152777777777779,6,-0.2916666666666667,2.091650066335189,0.8539125638299666,4.375,6
S011,2,Floor level,6,ROVED,4.2,-0.3,-1.8,2.04939015319192,0.916515138991168,4.2,5,4.2,0.3415650255319866,0.15275252316519464,0.11666666666666665,5,-0.3,2.04939015319192,0.916515138991168,4.2,5
S012,2,Floor level,6,ROVED,5.2,-0.13333333333333333,-0.8,2.4899799195977463,1.1135528725660042,6.2,5,5.2,0.4149966532662911,0.1855921454276674,0.17222222222222222,5,-0.13333333333333333,2.4899799195977463,1.1135528725660042,6.2,5
S013,2,Floor level,6,ROVED,4.25,-0.2916666666666667,-1.75,2.187627547301936,0.7734431367038469,4.785714285714286,8,4.25,0.3646045912169894,0.12890718945064117,0.13293650793650794,8,-0.2916666666666667,2.187627547301936,0.7734431367038469,4.785714285714286,8
S015,2,Floor level,6,ROVED,2.75,-0.5416666666666666,-3.25,0.9524821374819699,0.301201298506866,0.9072222222222222,10,2.75,0.15874702291366163,0.050200216417811,0.025200617283950615,10,-0.5416666666666666,0.9524821374819699,0.301201298506866,0.9072222222222222,10
S017,2,Floor level,6,ROVED,4.25,-0.29166666666666663,-1.75,0.5,0.25,0.25,4,4.25,0.08333333333333333,0.041666666666666664,0.006944444444444444,4,-0.29166666666666663,0.5,0.25,0.25,4
S018,2,Floor level,6,ROVED,4.666666666666667,-0.2222222222222222,-1.3333333333333333,1.632993161855452,0.6666666666666667,2.6666666666666665,6,4.666666666666667,0.2721655269759087,0.11111111111111112,0.07407407407407407,6,-0.2222222222222222,1.632993161855452,0.6666666666666667,2.6666666666666665,6
